CsvID,Name,Email,Age,Country
1,John Doe,john.doe@example.com,28,USA
2,Jane Smith,jane.smith@example.com,34,UK
3,Raj Kumar,raj.kumar@example.com,29,India
4,Maria Garcia,maria.garcia@example.com,41,Spain
5,Liu Wei,liu.wei@example.com,25,China
6,Ahmed Ali,ahmed.ali@example.com,37,Egypt
7,Sophia Brown,sophia.brown@example.com,30,Canada
8,Lucas Miller,lucas.miller@example.com,33,Australia
9,Emma Wilson,emma.wilson@example.com,27,New Zealand
10,Oliver Taylor,oliver.taylor@example.com,45,USA
11,Ava Johnson,ava.johnson@example.com,22,UK
12,Noah Davis,noah.davis@example.com,39,India
13,Mia Martinez,mia.martinez@example.com,31,Spain
14,Ethan Anderson,ethan.anderson@example.com,26,China
15,Isabella Thomas,isabella.thomas@example.com,28,Egypt
16,James Lee,james.lee@example.com,35,Canada
17,Charlotte Harris,charlotte.harris@example.com,29,Australia
18,Benjamin Clark,benjamin.clark@example.com,42,New Zealand
19,Amelia Lewis,amelia.lewis@example.com,24,USA
20,Henry Walker,henry.walker@example.com,38,UK
21,Evelyn Hall,evelyn.hall@example.com,27,India
22,Alexander Allen,alexander.allen@example.com,36,Spain
23,Harper Young,harper.young@example.com,33,China
24,Daniel King,daniel.king@example.com,40,Egypt
25,Scarlett Wright,scarlett.wright@example.com,25,Canada
26,Matthew Scott,matthew.scott@example.com,31,Australia
27,Victoria Green,victoria.green@example.com,29,New Zealand
28,Joseph Adams,joseph.adams@example.com,44,USA
29,Grace Baker,grace.baker@example.com,23,UK
30,Samuel Nelson,samuel.nelson@example.com,37,India
31,Chloe Carter,chloe.carter@example.com,28,Spain
32,David Mitchell,david.mitchell@example.com,32,China
33,Lily Perez,lily.perez@example.com,26,Egypt
34,Andrew Roberts,andrew.roberts@example.com,39,Canada
35,Zoe Turner,zoe.turner@example.com,30,Australia
36,Christopher Phillips,christopher.phillips@example.com,41,New Zealand
37,Nora Campbell,nora.campbell@example.com,24,USA
38,Joshua Parker,joshua.parker@example.com,35,UK
39,Hannah Evans,hannah.evans@example.com,27,India
40,Jack Edwards,jack.edwards@example.com,36,Spain
41,Ellie Collins,ellie.collins@example.com,29,China
42,Logan Stewart,logan.stewart@example.com,38,Egypt
43,Aria Sanchez,aria.sanchez@example.com,25,Canada
44,William Morris,william.morris@example.com,33,Australia
45,Sofia Rogers,sofia.rogers@example.com,31,New Zealand
46,Michael Reed,michael.reed@example.com,43,USA
47,Emily Cook,emily.cook@example.com,22,UK
48,Daniel Morgan,daniel.morgan@example.com,37,India
49,Abigail Bell,abigail.bell@example.com,28,Spain
50,Jacob Murphy,jacob.murphy@example.com,34,China
51,Madison Bailey,madison.bailey@example.com,26,Egypt
52,Elijah Rivera,elijah.rivera@example.com,39,Canada
53,Penelope Cooper,penelope.cooper@example.com,30,Australia
54,Lucas Richardson,lucas.richardson@example.com,42,New Zealand
55,Layla Cox,layla.cox@example.com,24,USA
56,Jackson Howard,jackson.howard@example.com,35,UK
57,Riley Ward,riley.ward@example.com,27,India
58,Levi Torres,levi.torres@example.com,36,Spain
59,Victoria Peterson,victoria.peterson@example.com,29,China
60,Owen Gray,owen.gray@example.com,38,Egypt
61,Stella Ramirez,stella.ramirez@example.com,25,Canada
62,Wyatt James,wyatt.james@example.com,33,Australia
63,Zoey Watson,zoey.watson@example.com,31,New Zealand
64,Caleb Brooks,caleb.brooks@example.com,44,USA
65,Natalie Kelly,natalie.kelly@example.com,23,UK
66,Isaac Sanders,isaac.sanders@example.com,37,India
67,Lillian Price,lillian.price@example.com,28,Spain
68,Grayson Bennett,grayson.bennett@example.com,32,China
69,Addison Wood,addison.wood@example.com,26,Egypt
70,Julian Barnes,julian.barnes@example.com,39,Canada
71,Lucy Ross,lucy.ross@example.com,30,Australia
72,Anthony Henderson,anthony.henderson@example.com,41,New Zealand
73,Audrey Coleman,audrey.coleman@example.com,24,USA
74,Thomas Jenkins,thomas.jenkins@example.com,35,UK
75,Brooklyn Perry,brooklyn.perry@example.com,27,India
76,Charles Powell,charles.powell@example.com,36,Spain
77,Claire Long,claire.long@example.com,29,China
78,Christian Patterson,christian.patterson@example.com,38,Egypt
79,Skylar Hughes,skylar.hughes@example.com,25,Canada
80,Jonathan Flores,jonathan.flores@example.com,33,Australia
81,Anna Washington,anna.washington@example.com,31,New Zealand
82,Robert Butler,robert.butler@example.com,43,USA
83,Samantha Simmons,samantha.simmons@example.com,22,UK
84,Brandon Foster,brandon.foster@example.com,37,India
85,Hailey Gonzales,hailey.gonzales@example.com,28,Spain
86,Kevin Bryant,kevin.bryant@example.com,34,China
87,Allison Alexander,allison.alexander@example.com,26,Egypt
88,Justin Russell,justin.russell@example.com,39,Canada
89,Leah Griffin,leah.griffin@example.com,30,Australia
90,Adam Diaz,adam.diaz@example.com,42,New Zealand
91,Sadie Hayes,sadie.hayes@example.com,24,USA
92,Eric Myers,eric.myers@example.com,35,UK
93,Caroline Ford,caroline.ford@example.com,27,India
94,Jason Hamilton,jason.hamilton@example.com,36,Spain
